{
  "bundle": "/Users/asuramaya/Code/carving_machine_v3/conker/out/conker4b_tandem_seq256_steps1000_lr5e4_seed42_2026-03-27.npz",
  "tensor_count": 3,
  "tensors": [
    {
      "name": "base.local_readout.layers.0.weight",
      "shape": [
        1280,
        1280
      ],
      "spectral": {
        "fro_norm": 83.91260328876835,
        "sigma1": 19.43812520503045,
        "sigma16": 9.770193837116254,
        "sigma_last": 0.0006354807472171252,
        "top16_energy_frac": 0.3894880347396952,
        "decay_1_to_16": 1.9895332200254234,
        "decay_1_to_last": 30588.063116236328
      },
      "regions": {
        "upper_l2": 49.32563496043969,
        "diag_l2": 2.3417760382891593,
        "lower_l2": 67.84410668166866,
        "upper_frac": 0.5878215312984086,
        "diag_frac": 0.0279073219815432,
        "upper_plus_diag_frac": 0.5884836202293025
      }
    },
    {
      "name": "causal_mask",
      "shape": [
        256,
        256
      ],
      "spectral": {
        "fro_norm": 188.98709734493244,
        "sigma1": 171.12052706842962,
        "sigma16": 5.415941993960139,
        "sigma_last": 0.0,
        "top16_energy_frac": 0.9889378851710786,
        "decay_1_to_16": 31.595708975329373,
        "decay_1_to_last": 171120527068429.62
      },
      "regions": {
        "upper_l2": 5.631595792830689,
        "diag_l2": 6.011621301631351,
        "lower_l2": 188.80749058502656,
        "upper_frac": 0.0297988374441886,
        "diag_frac": 0.03180969169900079,
        "upper_plus_diag_frac": 0.04358700722704721
      },
      "mask_geometry": {
        "active_mean": 1.044811196406098,
        "active_std": 0.023122559191361754,
        "active_min": 0.9497191309928894,
        "active_max": 1.1342073678970337,
        "mean_lag_std": 0.022198979817121125,
        "toeplitz": {
          "mask_l1_deviation": 0.017893224559432337,
          "mask_l2_deviation": 0.022414839888053185,
          "mask_max_abs_deviation": 0.09549313699695428,
          "mask_cosine_similarity": 0.9997699602157809
        },
        "residual_norm": 4.049586835818985,
        "residual_mean_abs": 0.017893224559432337,
        "lag_profile_head": [
          {
            "lag": 1,
            "count": 255,
            "mean": 1.0058162539613014,
            "std": 0.019346710746352587,
            "min": 0.9497191309928894,
            "max": 1.0635982751846313
          },
          {
            "lag": 2,
            "count": 254,
            "mean": 1.0149177317544231,
            "std": 0.018478050994997768,
            "min": 0.962033748626709,
            "max": 1.0604878664016724
          },
          {
            "lag": 3,
            "count": 253,
            "mean": 1.0334321375892097,
            "std": 0.022200812831747137,
            "min": 0.9558716416358948,
            "max": 1.0809208154678345
          },
          {
            "lag": 4,
            "count": 252,
            "mean": 1.0388684119023974,
            "std": 0.025977999824819503,
            "min": 0.9588601589202881,
            "max": 1.1005825996398926
          },
          {
            "lag": 5,
            "count": 251,
            "mean": 1.0370188797137652,
            "std": 0.025713479441034942,
            "min": 0.9549543857574463,
            "max": 1.1093124151229858
          },
          {
            "lag": 6,
            "count": 250,
            "mean": 1.0363498475551605,
            "std": 0.023159550093326285,
            "min": 0.977591872215271,
            "max": 1.0952327251434326
          },
          {
            "lag": 7,
            "count": 249,
            "mean": 1.042882008485526,
            "std": 0.022245441000401066,
            "min": 0.9835541248321533,
            "max": 1.116976261138916
          },
          {
            "lag": 8,
            "count": 248,
            "mean": 1.0426044911146164,
            "std": 0.024300710627861426,
            "min": 0.9699347615242004,
            "max": 1.1299023628234863
          },
          {
            "lag": 9,
            "count": 247,
            "mean": 1.0438161400648265,
            "std": 0.024183759640122777,
            "min": 0.9790911674499512,
            "max": 1.1119129657745361
          },
          {
            "lag": 10,
            "count": 246,
            "mean": 1.04444020986557,
            "std": 0.02265125108171247,
            "min": 0.9905518889427185,
            "max": 1.1133651733398438
          },
          {
            "lag": 11,
            "count": 245,
            "mean": 1.0441701601962654,
            "std": 0.02148633788775526,
            "min": 0.9886621236801147,
            "max": 1.097745418548584
          },
          {
            "lag": 12,
            "count": 244,
            "mean": 1.048272613130632,
            "std": 0.02329238067222588,
            "min": 0.9831313490867615,
            "max": 1.1024636030197144
          },
          {
            "lag": 13,
            "count": 243,
            "mean": 1.0463203267796048,
            "std": 0.02336661832447195,
            "min": 0.9900361895561218,
            "max": 1.1088294982910156
          },
          {
            "lag": 14,
            "count": 242,
            "mean": 1.0485496412624011,
            "std": 0.0239833194159269,
            "min": 0.9708661437034607,
            "max": 1.1122335195541382
          },
          {
            "lag": 15,
            "count": 241,
            "mean": 1.0489764450991301,
            "std": 0.023827055814590353,
            "min": 0.9942704439163208,
            "max": 1.1191143989562988
          },
          {
            "lag": 16,
            "count": 240,
            "mean": 1.04493461449941,
            "std": 0.02295002034531483,
            "min": 0.9900303483009338,
            "max": 1.1040958166122437
          }
        ]
      },
      "alerts": [
        "square matrix named like a mask has nontrivial upper+diag energy (0.043587)"
      ]
    },
    {
      "name": "recency_kernel",
      "shape": [
        256,
        256
      ],
      "spectral": {
        "fro_norm": 39.6170523222914,
        "sigma1": 11.939244107794815,
        "sigma16": 4.958503770330823,
        "sigma_last": 0.0,
        "top16_energy_frac": 0.7321347295058597,
        "decay_1_to_16": 2.4078320115905147,
        "decay_1_to_last": 11939244107794.816
      },
      "regions": {
        "upper_l2": 0.0,
        "diag_l2": 0.0,
        "lower_l2": 39.6170523222914,
        "upper_frac": 0.0,
        "diag_frac": 0.0,
        "upper_plus_diag_frac": 0.0
      }
    }
  ]
}
